"lastName","leagueShortname","fullName","firstName","leagueName","displayName","shortName"
"Player---familyName","League---name","Player---name","Player---givenName","League---name","Player---name","Player---name"
"Benteke","Premier League","Christian Benteke","Christian","Barclays Premier League","Christian Benteke","C. Benteke"
"Berahino","Premier League","Saido Berahino","Saido","Barclays Premier League","Saido Berahino","S. Berahino"
"Bertrand","Premier League","Ryan Bertrand","Ryan","Barclays Premier League","Ryan Bertrand","R. Bertrand"
"Besic","Premier League","Muhamed Besic","Muhamed","Barclays Premier League","Muhamed Besic","M. Besic"
"Benteke","Premier League","Christian Benteke","Christian","Barclays Premier League","Christian Benteke","C. Benteke"
"Berahino","Premier League","Saido Berahino","Saido","Barclays Premier League","Saido Berahino","S. Berahino"
"Bertrand","Premier League","Ryan Bertrand","Ryan","Barclays Premier League","Ryan Bertrand","R. Bertrand"
"Besic","Premier League","Muhamed Besic","Muhamed","Barclays Premier League","Muhamed Besic","M. Besic"
"Bezzera Maciel Júnior","Premier League","Paulinho Bezzera Maciel Júnior","Paulinho","Barclays Premier League","Paulinho","P. Bezzera Maciel Júnior"
"Biram Diouf","Premier League","Mame Biram Diouf","Mame","Barclays Premier League","Mame Biram Diouf","M. Biram Diouf"
"Blackett","Premier League","Tyler Blackett","Tyler","Barclays Premier League","Tyler Blackett","T. Blackett"
"Blanco","Premier League","Sebastián Blanco","Sebastián","Barclays Premier League","Sebastián Blanco","S. Blanco"
"Blind","Premier League","Daley Blind","Daley","Barclays Premier League","Daley Blind","D. Blind"
"Boateng","Premier League","Hiram Boateng","Hiram","Barclays Premier League","Hiram Boateng","H. Boateng"
"Bolasie","Premier League","Yannick Bolasie","Yannick","Barclays Premier League","Yannick Bolasie","Y. Bolasie"
"Bony","Premier League","Wilfried Bony","Wilfried","Barclays Premier League","Wilfried Bony","W. Bony"
"Borini","Premier League","Fabio Borini","Fabio","Barclays Premier League","Fabio Borini","F. Borini"
"Boyata","Premier League","Dedryck Boyata","Dedryck","Barclays Premier League","Dedryck Boyata","D. Boyata"
"Boyd","Premier League","George Boyd","George","Barclays Premier League","George Boyd","G. Boyd"
"Brady","Premier League","Robert Brady","Robert","Barclays Premier League","Robert Brady","R. Brady"
"Bridcutt","Premier League","Liam Bridcutt","Liam","Barclays Premier League","Liam Bridcutt","L. Bridcutt"
"Britton","Premier League","Leon Britton","Leon","Barclays Premier League","Leon Britton","L. Britton"
"Brown","Premier League","Ideye Aide Brown","Ideye","Barclays Premier League","Brown Ideye","I. Brown"
"Brown","Premier League","Wes Brown","Wes","Barclays Premier League","Wes Brown","W. Brown"
"Browning","Premier League","Tyias Browning","Tyias","Barclays Premier League","Tyias Browning","T. Browning"
"Bruce","Premier League","Alex Bruce","Alex","Barclays Premier League","Alex Bruce","A. Bruce"
"Brunt","Premier League","Chris Brunt","Chris","Barclays Premier League","Chris Brunt","C. Brunt"
"Buckley","Premier League","William Buckley","William","Barclays Premier League","William Buckley","W. Buckley"
"Burke","Premier League","Reece Burke","Reece","Barclays Premier League","Reece Burke","R. Burke"
"Butland","Premier League","Jack Butland","Jack","Barclays Premier League","Jack Butland","J. Butland"
"Caballero","Premier League","Wilfredo Caballero","Wilfredo","Barclays Premier League","Wilfredo Caballero","W. Caballero"
"Cabella","Premier League","Rémy Cabella","Rémy","Barclays Premier League","Rémy Cabella","R. Cabella"
"Cahill","Premier League","Gary Cahill","Gary","Barclays Premier League","Gary Cahill","G. Cahill"
"Cambiasso","Premier League","Esteban Matias Cambiasso","Esteban","Barclays Premier League","Esteban Cambiasso","E. Cambiasso"
"Cameron","Premier League","Geoff Cameron","Geoff","Barclays Premier League","Geoff Cameron","G. Cameron"
"Campbell","Premier League","Fraizer Campbell","Fraizer","Barclays Premier League","Fraizer Campbell","F. Campbell"
"Campbell","Premier League","Joel Campbell","Joel","Barclays Premier League","Joel Campbell","J. Campbell"
"Can","Premier League","Emre Can","Emre","Barclays Premier League","Emre Can","E. Can"
"Capoue","Premier League","Etienne Capoue","Etienne","Barclays Premier League","Etienne Capoue","E. Capoue"
"Carrick","Premier League","Michael Carrick","Michael","Barclays Premier League","Michael Carrick","M. Carrick"
"Carroll","Premier League","Andy Carroll","Andy","Barclays Premier League","Andrew Carroll","A. Carroll"
"Carroll","Premier League","Thomas Carroll","Thomas","Barclays Premier League","Thomas Carroll","T. Carroll"
"Cattermole","Premier League","Lee Cattermole","Lee","Barclays Premier League","Lee Cattermole","L. Cattermole"
"Caulker","Premier League","Steven Caulker","Steven","Barclays Premier League","Steven Caulker","S. Caulker"
"Cazorla","Premier League","Santi Gonzalez Cazorla","Santi","Barclays Premier League","Santi Cazorla","S. Cazorla"
"Ceballos","Premier League","Cristian Ceballos","Cristian","Barclays Premier League","Cristian Ceballos","C. Ceballos"
"Cech","Premier League","Petr Cech","Petr","Barclays Premier League","Petr Cech","P. Cech"
"Chadli","Premier League","Nacer Chadli","Nacer","Barclays Premier League","Nacer Chadli","N. Chadli"
"Chalobah","Premier League","Nathaniel Chalobah","Nathaniel","Barclays Premier League","Nathaniel Chalobah","N. Chalobah"
"Chamakh","Premier League","Marouane Chamakh","Marouane","Barclays Premier League","Marouane Chamakh","M. Chamakh"
"Chambers","Premier League","Calum Chambers","Calum","Barclays Premier League","Calum Chambers","C. Chambers"
"Chester","Premier League","James Chester","James","Barclays Premier League","James Chester","J. Chester"
"Chiriches","Premier League","Vlad Chiriches","Vlad","Barclays Premier League","Vlad Chiriches","V. Chiriches"
"Cisse","Premier League","Papiss Demba Cisse","Papiss Demba","Barclays Premier League","Papiss Demba Cisse","P. Cisse"
"Clichy","Premier League","Gaël Clichy","Gaël","Barclays Premier League","Gaël Clichy","G. Clichy"
"Clyne","Premier League","Nathaniel Clyne","Nathaniel","Barclays Premier League","Nathaniel Clyne","N. Clyne"
"Coates","Premier League","Sebastián Coates","Sebastián","Barclays Premier League","Sebastián Coates","S. Coates"
"Colback","Premier League","Jack Colback","Jack","Barclays Premier League","Jack Colback","J. Colback"
"Cole","Premier League","Carlton Cole","Carlton","Barclays Premier League","Carlton Cole","C. Cole"
"Cole","Premier League","Joe Cole","Joe","Barclays Premier League","Joe Cole","J. Cole"
"Coleman","Premier League","Seamus Coleman","Seamus","Barclays Premier League","Seamus Coleman","S. Coleman"
"Collins","Premier League","James Collins","James","Barclays Premier League","James Collins","J. Collins"
"Coloccini","Premier League","Fabricio Coloccini","Fabricio","Barclays Premier League","Fabricio Coloccini","F. Coloccini"
"Coquelin","Premier League","Francis Coquelin","Francis","Barclays Premier League","Francis Coquelin","F. Coquelin"
"Cork","Premier League","Jack  Cork","Jack","Barclays Premier League","Jack  Cork","J. Cork"
"Courtois","Premier League","Thibaut Courtois","Thibaut","Barclays Premier League","Thibaut Courtois","T. Courtois"
"Coutinho","Premier League","Philippe Coutinho","Philippe","Barclays Premier League","Philippe Coutinho","P. Coutinho"
"Cresswell","Premier League","Aaron Cresswell","Aaron","Barclays Premier League","Aaron Cresswell","A. Cresswell"
"Crouch","Premier League","Peter Crouch","Peter","Barclays Premier League","Peter Crouch","P. Crouch"
"Da Silva","Premier League","Rafael Da Silva","Rafael","Barclays Premier League","Rafael","R. Da Silva"
"Da Silva","Premier League","Willian Borges Da Silva","Willian","Barclays Premier League","Willian","W. Da Silva"
"da Silva Costa","Premier League","Diego da Silva Costa","Diego","Barclays Premier League","Diego Costa","D. da Silva Costa"
"Daniels","Premier League","Donervon Daniels","Donervon","Barclays Premier League","Donervon Daniels","D. Daniels"
"Daniels","Premier League","Luke Daniels","Luke","Barclays Premier League","Luke Daniels","L. Daniels"
"Dann","Premier League","Scott Dann","Scott","Barclays Premier League","Scott Dann","S. Dann"
"Davidson","Premier League","Jason Davidson","Jason","Barclays Premier League","Jason Davidson","J. Davidson"
"Davies","Premier League","Ben Davies","Ben","Barclays Premier League","Ben Davies","B. Davies"
"Davies","Premier League","Curtis Davies","Curtis","Barclays Premier League","Curtis Davies","C. Davies"
"Davis","Premier League","Kelvin Davis","Kelvin","Barclays Premier League","Kelvin Davis","K. Davis"
"Davis","Premier League","Steven Davis","Steven","Barclays Premier League","Steven Davis","S. Davis"
"Dawson","Premier League","Craig Dawson","Craig","Barclays Premier League","Craig Dawson","C. Dawson"
"Dawson","Premier League","Michael Dawson","Michael","Barclays Premier League","Michael Dawson","M. Dawson"
"De Gea","Premier League","David Quintana De Gea","David","Barclays Premier League","David De Gea","D. De Gea"
"De Jong","Premier League","Siem De Jong","Siem","Barclays Premier League","Siem De Jong","S. De Jong"
"De Laet","Premier League","Ritchie De Laet","Ritchie","Barclays Premier League","Ritchie De Laet","R. De Laet"
"Debuchy","Premier League","Mathieu Debuchy","Mathieu","Barclays Premier League","Mathieu Debuchy","M. Debuchy"
"Delaney","Premier League","Damien Delaney","Damien","Barclays Premier League","Damien Delaney","D. Delaney"
"Delph","Premier League","Fabian Delph","Fabian","Barclays Premier League","Fabian Delph","F. Delph"
"Dembélé","Premier League","Mousa Dembélé","Mousa","Barclays Premier League","Mousa Dembélé","M. Dembélé"
"Demel","Premier League","Guy Demel","Guy","Barclays Premier League","Guy Demel","G. Demel"
"Demichelis","Premier League","Martín Demichelis","Martín","Barclays Premier League","Martín Demichelis","M. Demichelis"
"Di María","Premier League","Ángel Di María","Ángel","Barclays Premier League","Ángel Di María","Á. Di María"
"Diame","Premier League","Mohamed Diame","Mohamed","Barclays Premier League","Mohamed Diame","M. Diame"
"Dier","Premier League","Eric Dier","Eric","Barclays Premier League","Eric Dier","E. Dier"
"Distin","Premier League","Sylvain Distin","Sylvain","Barclays Premier League","Sylvain Distin","S. Distin"
"Dorrans","Premier League","Graham Dorrans","Graham","Barclays Premier League","Graham Dorrans","G. Dorrans"
"dos Santos Emboaba Júnior","Premier League","Oscar dos Santos Emboaba Júnior","Oscar","Barclays Premier League","Oscar","O. dos Santos Emboaba Júnior"
"Downing","Premier League","Stewart Downing","Stewart","Barclays Premier League","Stewart Downing","S. Downing"
"Doyle","Premier League","Kevin Doyle","Kevin","Barclays Premier League","Kevin Doyle","K. Doyle"
"Drinkwater","Premier League","Daniel Drinkwater","Daniel","Barclays Premier League","Daniel Drinkwater","D. Drinkwater"
"Drogba","Premier League","Didier Drogba","Didier","Barclays Premier League","Didier Drogba","D. Drogba"
"Duff","Premier League","Mike Duff","Mike","Barclays Premier League","Mike Duff","M. Duff"
"Dummett","Premier League","Paul Dummett","Paul","Barclays Premier League","Paul Dummett","P. Dummett"
"Dummigan","Premier League","Cameron Dummigan","Cameron","Barclays Premier League","Cameron Dummigan","C. Dummigan"
"Duff","Premier League","Mike Duff","Mike","Barclays Premier League","Mike Duff","M. Duff"
"Dummett","Premier League","Paul Dummett","Paul","Barclays Premier League","Paul Dummett","P. Dummett"
"Dummigan","Premier League","Cameron Dummigan","Cameron","Barclays Premier League","Cameron Dummigan","C. Dummigan"
"Dunne","Premier League","Richard Dunne","Richard","Barclays Premier League","Richard Dunne","R. Dunne"
"Dyer","Premier League","Nathan Dyer","Nathan","Barclays Premier League","Nathan Dyer","N. Dyer"
"Dzeko","Premier League","Edin Dzeko","Edin","Barclays Premier League","Edin Dzeko","E. Dzeko"
"El Ahmadi","Premier League","Karim El Ahmadi","Karim","Barclays Premier League","Karim El Ahmadi","K. El Ahmadi"
"Elliot","Premier League","Robert Elliot","Robert","Barclays Premier League","Robert Elliot","R. Elliot"
"Elmohamady","Premier League","Ahmed Elmohamady","Ahmed","Barclays Premier League","Ahmed Elmohamady","A. Elmohamady"
"Emnes","Premier League","Marvin Emnes","Marvin","Barclays Premier League","Marvin Emnes","M. Emnes"
"Eriksen","Premier League","Christian Eriksen","Christian","Barclays Premier League","Christian Eriksen","C. Eriksen"
"Esmoris Tasende","Premier League","Jose Angel Esmoris Tasende","Jose Angel","Barclays Premier League","Jose Angel Esmoris Tasende","J. Esmoris Tasende"
"Eto'o","Premier League","Samuel Eto'o","Samuel","Barclays Premier League","Samuel Eto'o","S. Eto'o"
"Evans","Premier League","Jonathan Evans","Jonny","Barclays Premier League","Jonathan Evans","J. Evans"
"Fabianski","Premier League","Lukasz Fabianski","Lukasz","Barclays Premier League","Lukasz Fabianski","L. Fabianski"
"Falcao Garcia","Premier League","Radamel Zarate Falcao Garcia","Radamel","Barclays Premier League","Radamel Falcao","R. Falcao Garcia"
"Faurlin","Premier League","Alejandro Damian Faurlin","Alejandro Damian","Barclays Premier League","Alejandro Damian Faurlin","A. Faurlin"
"Fazio","Premier League","Federico Fazio","Federico","Barclays Premier League","Federico Fazio","F. Fazio"
"Fellaini","Premier League","Marouane Fellaini","Marouane","Barclays Premier League","Marouane Fellaini","M. Fellaini"
"Fer","Premier League","Leroy Fer","Leroy","Barclays Premier League","Leroy Fer","L. Fer"
"Ferdinand","Premier League","Rio Ferdinand","Rio","Barclays Premier League","Rio Ferdinand","R. Ferdinand"
"Fernandez Saez","Premier League","Jesus Fernandez Saez","Jesus","Barclays Premier League","Suso","J. Fernandez Saez"
"Fernández","Premier League","Federico Fernández","Federico","Barclays Premier League","Federico Fernández","F. Fernández"
"Ferreyra","Premier League","Facundo Ferreyra","Facundo","Barclays Premier League","Facundo Ferreyra","F. Ferreyra"
"Figueroa","Premier League","Maynor Figueroa","Maynor","Barclays Premier League","Maynor Figueroa","M. Figueroa"
"Flamini","Premier League","Mathieu Flamini","Mathieu","Barclays Premier League","Mathieu Flamini","M. Flamini"
"Fletcher","Premier League","Darren Fletcher","Darren","Barclays Premier League","Darren Fletcher","D. Fletcher"
"Fletcher","Premier League","Steven Fletcher","Steven","Barclays Premier League","Steven Fletcher","S. Fletcher"
"Fonte","Premier League","Jose Fonte","Jose","Barclays Premier League","Jose Fonte","J. Fonte"
"Forster","Premier League","Fraser Forster","Fraser","Barclays Premier League","Fraser Forster","F. Forster"
"Foster","Premier League","Ben Foster","Ben","Barclays Premier League","Ben Foster","B. Foster"
"Friedel","Premier League","Brad Friedel","Brad","Barclays Premier League","Brad Friedel","B. Friedel"
"Fryers","Premier League","Ezekiel Fryers","Ezekiel","Barclays Premier League","Ezekiel Fryers","E. Fryers"
"Fulton","Premier League","Jay Fulton","Jay","Barclays Premier League","Jay Fulton","J. Fulton"
"Fàbregas","Premier League","Cesc Fàbregas","Cesc","Barclays Premier League","Cesc Fàbregas","C. Fàbregas"
"Gamboa","Premier League","Cristian Gamboa","Cristian","Barclays Premier League","Cristian Gamboa","C. Gamboa"
"Garbutt","Premier League","Luke Garbutt","Luke","Barclays Premier League","Luke Garbutt","L. Garbutt"
"Gardner","Premier League","Craig Gardner","Craig","Barclays Premier League","Craig Gardner","C. Gardner"
"Gardos","Premier League","Florin Gardos","Florin","Barclays Premier League","Florin Gardos","F. Gardos"
"Gayle","Premier League","Dwight Gayle","Dwight","Barclays Premier League","Dwight Gayle","D. Gayle"
"Gerrard","Premier League","Steven Gerrard","Steven","Barclays Premier League","Steven Gerrard","S. Gerrard"
"Giaccherini","Premier League","Emanuele Giaccherini","Emanuele","Barclays Premier League","Emanuele Giaccherini","E. Giaccherini"
"Gibbs","Premier League","Kieran Gibbs","Kieran","Barclays Premier League","Kieran Gibbs","K. Gibbs"
"Gibson","Premier League","Darron Gibson","Darron","Barclays Premier League","Darron Gibson","D. Gibson"
"Gilks","Premier League","Matthew Gilks","Matthew","Barclays Premier League","Matthew Gilks","M. Gilks"
"Giroud","Premier League","Olivier Giroud","Olivier","Barclays Premier League","Olivier Giroud","O. Giroud"
"Given","Premier League","Shay Given","Shay","Barclays Premier League","Shay Given","S. Given"
"Gomis","Premier League","Bafetimbi Gomis","Bafetimbi","Barclays Premier League","Bafetimbi Gomis","B. Gomis"
"Gonçalves Varela","Premier League","Varela Manuel Goncalves Gonçalves Varela","Varela","Barclays Premier League","Varela","V. Gonçalves Varela"
"Gouffran","Premier League","Yoan Gouffran","Yoan","Barclays Premier League","Yoan Gouffran","Y. Gouffran"
"Graham","Premier League","Danny Graham","Danny","Barclays Premier League","Danny Graham","D. Graham"
"Grealish","Premier League","Jack Grealish","Jack","Barclays Premier League","Jack Grealish","J. Grealish"
"Green","Premier League","Robert Green","Robert","Barclays Premier League","Robert Green","R. Green"
"Guedioura","Premier League","Adlène Guédioura","Adlene","Barclays Premier League","Adlene Guedioura","A. Guedioura"
"Guimarães Cordeiro","Premier League","Sandro Ranieri Guimarães Cordeiro","Sandro","Barclays Premier League","Sandro","S. Guimarães Cordeiro"
"Guzan","Premier League","Brad Guzan","Brad","Barclays Premier League","Brad Guzan","B. Guzan"
"Gómez García-Penche","Premier League","Jordi Gómez García-Penche","Jordi","Barclays Premier League","Jordi Gómez","J. Gómez García-Penche"
"Haidara","Premier League","Massadio Haidara","Massadio","Barclays Premier League","Massadio Haidara","M. Haidara"
"Hamer","Premier League","Ben Hamer","Ben","Barclays Premier League","Ben Hamer","B. Hamer"
"Hammond","Premier League","Dean Hammond","Dean","Barclays Premier League","Dean Hammond","D. Hammond"
"Hangeland","Premier League","Brede Hangeland","Brede","Barclays Premier League","Brede Hangeland","B. Hangeland"
"Harper","Premier League","Steve Harper","Steve","Barclays Premier League","Steve Harper","S. Harper"
"Hart","Premier League","Joe Hart","Joe","Barclays Premier League","Joe Hart","J. Hart"
"Hazard","Premier League","Eden Hazard","Eden","Barclays Premier League","Eden Hazard","E. Hazard"
"Heaton","Premier League","Tom Heaton","Tom","Barclays Premier League","Tom Heaton","T. Heaton"
"Henderson","Premier League","Jordan Henderson","Jordan","Barclays Premier League","Jordan Henderson","J. Henderson"
"Hennessey","Premier League","Wayne Hennessey","Wayne","Barclays Premier League","Wayne Hennessey","W. Hennessey"
"Henry","Premier League","Karl Henry","Karl","Barclays Premier League","Karl Henry","K. Henry"
"Herd","Premier League","Chris Herd","Chris","Barclays Premier League","Chris Herd","C. Herd"
"Hernández","Premier League","Abel Hernández","Abel","Barclays Premier League","Abel Hernández","A. Hernández"
"Hernández","Premier League","Javier Hernández","Javier","Barclays Premier League","Javier Hernández","J. Hernández"
"Herrera Aguera","Premier League","Ander Herrera Aguera","Ander","Barclays Premier League","Ander Herrera","A. Herrera Aguera"
"Hewitt","Premier League","Steven Hewitt","Steven","Barclays Premier League","Steven Hewitt","S. Hewitt"
"Hibbert","Premier League","Tony Hibbert","Tony","Barclays Premier League","Tony Hibbert","T. Hibbert"
"Hill","Premier League","Clint Hill","Clint","Barclays Premier League","Clint Hill","C. Hill"
"Hoilett","Premier League","David Hoilett","David","Barclays Premier League","David Hoilett","D. Hoilett"
"Holtby","Premier League","Lewis Holtby","Lewis","Barclays Premier League","Lewis Holtby","L. Holtby"
"Hooiveld","Premier League","Jos Hooiveld","Jos","Barclays Premier League","Jos Hooiveld","J. Hooiveld"
"Hopper","Premier League","Tom Hopper","Tom","Barclays Premier League","Tom Hopper","T. Hopper"
"Howard","Premier League","Tim Howard","Tim","Barclays Premier League","Tim Howard","T. Howard"
"Huddlestone","Premier League","Tom Huddlestone","Tom","Barclays Premier League","Tom Huddlestone","T. Huddlestone"
"Huth","Premier League","Robert Huth","Robert","Barclays Premier League","Robert Huth","R. Huth"
"Hutton","Premier League","Alan Hutton","Alan","Barclays Premier League","Alan Hutton","A. Hutton"
"Ibe","Premier League","Jordan Ibe","Jordan","Barclays Premier League","Jordan Ibe","J. Ibe"
"Ince","Premier League","Thomas Ince","Thomas","Barclays Premier League","Thomas Ince","T. Ince"
"Ings","Premier League","Danny Ings","Danny","Barclays Premier League","Danny Ings","D. Ings"
"Ireland","Premier League","Stephen Ireland","Stephen","Barclays Premier League","Stephen Ireland","S. Ireland"
"Isgrove","Premier League","Lloyd Isgrove","Lloyd","Barclays Premier League","Lloyd Isgrove","L. Isgrove"
"Isla","Premier League","Mauricio Isla","Mauricio","Barclays Premier League","Mauricio Isla","M. Isla"
"Ivanovic","Premier League","Branislav Ivanovic","Branislav","Barclays Premier League","Branislav Ivanovic","B. Ivanovic"
"Jaaskelainen","Premier League","Jussi Jaaskelainen","Jussi","Barclays Premier League","Jussi Jaaskelainen","J. Jaaskelainen"
"Jagielka","Premier League","Phil Jagielka","Phil","Barclays Premier League","Phil Jagielka","P. Jagielka"
"Jakupovic","Premier League","Eldin Jakupovic","Eldin","Barclays Premier League","Eldin Jakupovic","E. Jakupovic"
"James","Premier League","Matthew James","Matthew","Barclays Premier League","Matthew James","M. James"
"James","Premier League","Reece James","Reece","Barclays Premier League","Reece James","R. James"
"Janmaat","Premier League","Daryl Janmaat","Daryl","Barclays Premier League","Daryl Janmaat","D. Janmaat"
"Januzaj","Premier League","Adnan Januzaj","Adnan","Barclays Premier League","Adnan Januzaj","A. Januzaj"
"Jarvis","Premier League","Matthew Jarvis","Matthew","Barclays Premier League","Matthew Jarvis","M. Jarvis"
"Jedinak","Premier League","Mile Jedinak","Mile","Barclays Premier League","Mile Jedinak","M. Jedinak"
"Jelavic","Premier League","Nikica Jelavic","Nikica","Barclays Premier League","Nikica Jelavic","N. Jelavic"
"Jenkinson","Premier League","Carl Jenkinson","Carl","Barclays Premier League","Carl Jenkinson","C. Jenkinson"
"Johnson","Premier League","Adam Johnson","Adam","Barclays Premier League","Adam Johnson","A. Johnson"
"Johnson","Premier League","Andrew Johnson","Andrew","Barclays Premier League","Andrew Johnson","A. Johnson"
"Johnson","Premier League","Glen Johnson","Glen","Barclays Premier League","Glen Johnson","G. Johnson"
"Jones","Premier League","Billy Jones","Billy","Barclays Premier League","Billy Jones","B. Jones"
"Jones","Premier League","Brad Jones","Brad","Barclays Premier League","Brad Jones","B. Jones"
"Jones","Premier League","David Frank Llwyd Jones","David","Barclays Premier League","David Jones","D. Jones"
"Jones","Premier League","Phil Jones","Phil","Barclays Premier League","Phil Jones","P. Jones"
"Jovetic","Premier League","Stevan Jovetic","Stevan","Barclays Premier League","Stevan Jovetic","S. Jovetic"
"Jutkiewicz","Premier League","Lucas Jutkiewicz","Lucas","Barclays Premier League","Lucas Jutkiewicz","L. Jutkiewicz"
"Kaboul","Premier League","Younes Kaboul","Younes","Barclays Premier League","Younes Kaboul","Y. Kaboul"
"Kagawa","Premier League","Shinji Kagawa","Shinji","Barclays Premier League","Shinji Kagawa","S. Kagawa"
"Kane","Premier League","Harry Kane","Harry","Barclays Premier League","Harry Kane","H. Kane"
"Kasmirski","Premier League","Filipe Luis Kasmirski","Filipe","Barclays Premier League","Filipe Luis","F. Kasmirski"
"Keane","Premier League","Michael Keane","Michael","Barclays Premier League","Michael Keane","M. Keane"
"Keane","Premier League","William Keane","William","Barclays Premier League","William Keane","W. Keane"
"Kelly","Premier League","Martin Kelly","Martin","Barclays Premier League","Martin Kelly","M. Kelly"
"Kightly","Premier League","Michael Kightly","Michael","Barclays Premier League","Michael Kightly","M. Kightly"
"King","Premier League","Andy King","Andy","Barclays Premier League","Andy King","A. King"
"Kolarov","Premier League","Aleksandar Kolarov","Aleksandar","Barclays Premier League","Aleksandar Kolarov","A. Kolarov"
"Kompany","Premier League","Vincent Kompany","Vincent","Barclays Premier League","Vincent Kompany","V. Kompany"
"Konchesky","Premier League","Paul Konchesky","Paul","Barclays Premier League","Paul Konchesky","P. Konchesky"
"Konckaert","Premier League","Anthony Konckaert","Anthony","Barclays Premier League","Anthony Konckaert","A. Konckaert"
"Koscielny","Premier League","Laurent Koscielny","Laurent","Barclays Premier League","Laurent Koscielny","L. Koscielny"
"Kouyaté","Premier League","Cheikhou Kouyaté","Cheikhou","Barclays Premier League","Cheikhou Kouyaté","C. Kouyaté"
"Kranjcar","Premier League","Niko Kranjcar","Niko","Barclays Premier League","Niko Kranjcar","N. Kranjcar"
"Krkic","Premier League","Bojan Krkic","Bojan","Barclays Premier League","Bojan Krkic","B. Krkic"
"Krul","Premier League","Tim Krul","Tim","Barclays Premier League","Tim Krul","T. Krul"
"Lafferty","Premier League","Daniel Lafferty","Daniel","Barclays Premier League","Daniel Lafferty","D. Lafferty"
"Lallana","Premier League","Adam Lallana","Adam","Barclays Premier League","Adam Lallana","A. Lallana"
"Lambert","Premier League","Rickie Lambert","Rickie","Barclays Premier League","Rickie Lambert","R. Lambert"
"Lamela","Premier League","Erik Lamela","Erik","Barclays Premier League","Erik Lamela","E. Lamela"
"Lampard","Premier League","Frank Lampard","Frank","Barclays Premier League","Frank Lampard","F. Lampard"
"Larsson","Premier League","Sebastian Larsson","Sebastian","Barclays Premier League","Sebastian Larsson","S. Larsson"
"Ledley","Premier League","Joe Ledley","Joe","Barclays Premier League","Joe Ledley","J. Ledley"
"Ledson","Premier League","Ryan Ledson","Ryan","Barclays Premier League","Ryan Ledson","R. Ledson"
"Lee","Premier League","Elliot Lee","Elliot","Barclays Premier League","Elliot Lee","E. Lee"
"Lennon","Premier League","Aaron Lennon","Aaron","Barclays Premier League","Aaron Lennon","A. Lennon"
"Lescott","Premier League","Joleon Lescott","Joleon","Barclays Premier League","Joleon Lescott","J. Lescott"
"Lindegaard","Premier League","Anders Lindegaard","Anders","Barclays Premier League","Anders Lindegaard","A. Lindegaard"
"Lingard","Premier League","Jesse Lingard","Jesse","Barclays Premier League","Jesse Lingard","J. Lingard"
"Livermore","Premier League","Jake Livermore","Jake","Barclays Premier League","Jake Livermore","J. Livermore"
"Lletget","Premier League","Sebastian Lletget","Sebastian","Barclays Premier League","Sebastian Lletget","S. Lletget"
"Lloris","Premier League","Hugo Lloris","Hugo","Barclays Premier League","Hugo Lloris","H. Lloris"
"Long","Premier League","Kevin Long","Kevin","Barclays Premier League","Kevin Long","K. Long"
"Long","Premier League","Shane Long","Shane","Barclays Premier League","Shane Long","S. Long"
"Lovren","Premier League","Dejan Lovren","Dejan","Barclays Premier League","Dejan Lovren","D. Lovren"
"Lowton","Premier League","Matthew Lowton","Matthew","Barclays Premier League","Matthew Lowton","M. Lowton"
"Lukaku","Premier League","Romelu Lukaku","Romelu","Barclays Premier League","Romelu Lukaku","R. Lukaku"
"Macey","Premier League","Matthew Macey","Matthew","Barclays Premier League","Matthew Macey","M. Macey"
"Maguire","Premier League","Harry Maguire","Harry","Barclays Premier League","Harry Maguire","H. Maguire"
"Mahrez","Premier League","Riyad Mahrez","Riyad","Barclays Premier League","Riyad Mahrez","R. Mahrez"
"Maitland-Niles","Premier League","Ainsley Maitland-Niles","Ainsley","Barclays Premier League","Ainsley Maitland-Niles","A. Maitland-Niles"
"Mane","Premier League","Sadio Mane","Sadio","Barclays Premier League","Sadio Mane","S. Mane"
"Mangala","Premier League","Eliaquim Mangala","Eliaquim","Barclays Premier League","Eliaquim Mangala","E. Mangala"
"Mannone","Premier League","Vito Mannone","Vito","Barclays Premier League","Vito Mannone","V. Mannone"
"Manquillo Gaitán","Premier League","Javier Manquillo Gaitán","Javier","Barclays Premier League","Javi Manquillo","J. Manquillo Gaitán"
"Mariappa","Premier League","Adrian Mariappa","Adrian","Barclays Premier League","Adrian Mariappa","A. Mariappa"
"Markovic","Premier League","Lazar Markovic","Lazar","Barclays Premier League","Lazar Markovic","L. Markovic"
"Marney","Premier League","Dean Marney","Dean","Barclays Premier League","Dean Marney","D. Marney"
"Martinez","Premier League","Damian Emiliano  Martinez","Damian","Barclays Premier League","Emiliano Martinez","D. Martinez"
"Mason","Premier League","Ryan Glen Mason","Ryan","Barclays Premier League","Ryan Mason","R. Mason"
"Mata","Premier League","Juan Manuel Garcia Mata","Juan","Barclays Premier League","Juan Mata","J. Mata"
"Matic","Premier League","Nemanja Matic","Nemanja","Barclays Premier League","Nemanja Matic","N. Matic"
"Mavrias","Premier League","Charalampos Mavrias","Charalampos","Barclays Premier League","Charalampos Mavrias","C. Mavrias"
"Mayuka","Premier League","Emmanuel Mayuka","Emmanuel","Barclays Premier League","Emmanuel Mayuka","E. Mayuka"
"McArthur","Premier League","James McArthur","James","Barclays Premier League","James McArthur","J. McArthur"
"McAuley","Premier League","Gareth McAuley","Gareth","Barclays Premier League","Gareth McAuley","G. McAuley"
"McCarthy","Premier League","Alex McCarthy","Alex","Barclays Premier League","Alex McCarthy","A. McCarthy"
"McCarthy","Premier League","James McCarthy","James","Barclays Premier League","James McCarthy","J. McCarthy"
"McCarthy","Premier League","Jason McCarthy","Jason","Barclays Premier League","Jason McCarthy","J. McCarthy"
"McCarthy","Premier League","Patrick McCarthy","Patrick","Barclays Premier League","Patrick McCarthy","P. McCarthy"
"McGeady","Premier League","Aiden McGeady","Aiden","Barclays Premier League","Aiden McGeady","A. McGeady"
"McGregor","Premier League","Allan McGregor","Allan","Barclays Premier League","Allan McGregor","A. McGregor"
"McNair","Premier League","Patrick McNair","Patrick","Barclays Premier League","Patrick McNair","P. McNair"
"McQueen","Premier League","Sam McQueen","Sam","Barclays Premier League","Sam McQueen","S. McQueen"
"McShane","Premier League","Paul McShane","Paul","Barclays Premier League","Paul McShane","P. McShane"
"Mee","Premier League","Benjamin Mee","Benjamin","Barclays Premier League","Benjamin Mee","B. Mee"
"Mertesacker","Premier League","Per Mertesacker","Per","Barclays Premier League","Per Mertesacker","P. Mertesacker"
"Meyler","Premier League","David Meyler","David","Barclays Premier League","David Meyler","D. Meyler"
"Mignolet","Premier League","Simon Mignolet","Simon","Barclays Premier League","Simon Mignolet","S. Mignolet"
"Mikel","Premier League","John Obi John Mikel","John Obi","Barclays Premier League","John Obi Mikel","J. Mikel"
"Milner","Premier League","James Milner","James","Barclays Premier League","James Milner","J. Milner"
"Mirallas","Premier League","Kevin Mirallas","Kevin","Barclays Premier League","Kevin Mirallas","K. Mirallas"
"Monreal","Premier League","Nacho Monreal","Nacho","Barclays Premier League","Nacho Monreal","N. Monreal"
"Montero","Premier League","Jefferson Montero","Jefferson","Barclays Premier League","Jefferson Montero","J. Montero"
"Moore","Premier League","Liam Moore","Liam","Barclays Premier League","Liam Moore","L. Moore"
"Moreno","Premier League","Alberto Moreno","Alberto","Barclays Premier League","Alberto Moreno","A. Moreno"
"Morgan","Premier League","Wes Morgan","Wes","Barclays Premier League","Wes Morgan","W. Morgan"
"Morrison","Premier League","James Morrison","James","Barclays Premier League","James Morrison","J. Morrison"
"Morrison","Premier League","Ravel Morrison","Ravel","Barclays Premier League","Ravel Morrison","R. Morrison"
"Moses","Premier League","Victor Moses","Victor","Barclays Premier League","Victor Moses","V. Moses"
"Mulumbu","Premier League","Youssuf Mulumbu","Youssuf","Barclays Premier League","Youssuf Mulumbu","Y. Mulumbu"
"Muniesa","Premier League","Marc Muniesa","Marc","Barclays Premier League","Marc Muniesa","M. Muniesa"
"Murphy","Premier League","Brian Murphy","Brian","Barclays Premier League","Brian Murphy","B. Murphy"
"Murray","Premier League","Glenn Murray","Glenn","Barclays Premier League","Glenn Murray","G. Murray"
"Mutch","Premier League","Jordon Mutch","Jordon","Barclays Premier League","Jordon Mutch","J. Mutch"
"Myhill","Premier League","Boaz Myhill","Boaz","Barclays Premier League","Boaz Myhill","B. Myhill"
"N'Zogbia","Premier League","Charles N'Zogbia","Charles","Barclays Premier League","Charles N'Zogbia","C. N'Zogbia"
"Naismith","Premier League","Steven Naismith","Steven","Barclays Premier League","Steven Naismith","S. Naismith"
"O'Neil","Premier League","Liam O'Neil","Liam","Barclays Premier League","Liam O'Neil","L. O'Neil"
"O'Shea","Premier League","John O'Shea","John","Barclays Premier League","John O'Shea","J. O'Shea"
"Obertan","Premier League","Gabriel Obertan","Gabriel","Barclays Premier League","Gabriel Obertan","G. Obertan"
"Odemwingie","Premier League","Peter Odemwingie","Peter","Barclays Premier League","Peter Odemwingie","P. Odemwingie"
"Okore","Premier League","Jores Okore","Jores","Barclays Premier League","Jores Okore","J. Okore"
"Oliveira","Premier League","Anderson Oliveira","Anderson","Barclays Premier League","Anderson","A. Oliveira"
"Olsson","Premier League","Jonas Olsson","Jonas","Barclays Premier League","Jonas Olsson","J. Olsson"
"Onuoha","Premier League","Nedum Onuoha","Nedum","Barclays Premier League","Nedum Onuoha","N. Onuoha"
"Osman","Premier League","Leon Osman","Leon","Barclays Premier League","Leon Osman","L. Osman"
"Ospina","Premier League","David Ospina","David","Barclays Premier League","David Ospina","D. Ospina"
"Oviedo","Premier League","Bryan Oviedo","Bryan","Barclays Premier League","Bryan Oviedo","B. Oviedo"
"Oxlade-Chamberlain","Premier League","Alex Oxlade-Chamberlain","Alex","Barclays Premier League","Alex Oxlade-Chamberlain","A. Oxlade-Chamberlain"
"Pantilimon","Premier League","Costel Pantilimon","Costel","Barclays Premier League","Costel Pantilimon","C. Pantilimon"
"Pelle","Premier League","Graziano Pelle","Graziano","Barclays Premier League","Graziano Pelle","G. Pelle"
"Pereira","Premier League","Andreas Pereira","Andreas","Barclays Premier League","Andreas Pereira","A. Pereira"
"Pezzini-Leiva","Premier League","Lucas Pezzini-Leiva","Lucas","Barclays Premier League","Lucas","L. Pezzini-Leiva"
"Phillips","Premier League","Matthew Phillips","Matthew","Barclays Premier League","Matthew Phillips","M. Phillips"
"Pienaar","Premier League","Steven Pienaar","Steven","Barclays Premier League","Steven Pienaar","S. Pienaar"
"Pieters","Premier League","Erik Pieters","Erik","Barclays Premier League","Erik Pieters","E. Pieters"
"Pocognoli","Premier League","Sébastien Pocognoli","Sébastien","Barclays Premier League","Sébastien Pocognoli","S. Pocognoli"
"Podolski","Premier League","Lukas Podolski","Lukas","Barclays Premier League","Lukas Podolski","L. Podolski"
"Powell","Premier League","Nick Powell","Nick","Barclays Premier League","Nick Powell","N. Powell"
"Poyet","Premier League","Diego Poyet","Diego","Barclays Premier League","Diego Poyet","D. Poyet"
"Pozos","Premier League","Jose Pozos","Jose","Barclays Premier League","Jose Pozos","J. Pozos"
"Puncheon","Premier League","Jason Puncheon","Jason","Barclays Premier League","Jason Puncheon","J. Puncheon"
"Pérez Gutiérrez","Premier League","Ayoze Pérez Gutiérrez","Ayoze","Barclays Premier League","Ayoze Pérez","A. Pérez Gutiérrez"
"Quinn","Premier League","Stephen Quinn","Stephen","Barclays Premier League","Stephen Quinn","S. Quinn"
"Ramsey","Premier League","Aaron Ramsey","Aaron","Barclays Premier League","Aaron Ramsey","A. Ramsey"
"Ramírez","Premier League","Gastón Ramírez","Gastón","Barclays Premier League","Gastón Ramírez","G. Ramírez"
"Rangel","Premier League","Angel Rangel","Angel","Barclays Premier League","Angel Rangel","A. Rangel"
"Reed","Premier League","Harrison Reed","Harrison","Barclays Premier League","Harrison Reed","H. Reed"
"Reges","Premier League","Fernando Francisco Reges","Fernando","Barclays Premier League","Fernando","F. Reges"
"Reid","Premier League","Steven Reid","Steven","Barclays Premier League","Steven Reid","S. Reid"
"Reid","Premier League","Winston Reid","Winston","Barclays Premier League","Winston Reid","W. Reid"
"Reveillere","Premier League","Anthony Reveillere","Anthony","Barclays Premier League","Anthony Reveillere","A. Reveillere"
"Richards","Premier League","Ashley Richards","Ashley","Barclays Premier League","Ashley Richards","A. Richards"
"Richardson","Premier League","Kieran Richardson","Kieran","Barclays Premier League","Kieran Richardson","K. Richardson"
"Riviere","Premier League","Emmanuel Riviere","Emmanuel","Barclays Premier League","Emmanuel Riviere","E. Riviere"
"Roberge","Premier League","Valentin Roberge","Valentin","Barclays Premier League","Valentin Roberge","V. Roberge"
"Robertson","Premier League","Andrew Robertson","Andrew","Barclays Premier League","Andrew Robertson","A. Robertson"
"Robles","Premier League","Joel Robles","Joel","Barclays Premier League","Joel Robles","J. Robles"
"Robson","Premier League","Thomas Robson","Thomas","Barclays Premier League","Thomas Robson","T. Robson"
"Rodwell","Premier League","Jack Rodwell","Jack","Barclays Premier League","Jack Rodwell","J. Rodwell"
"Rojo","Premier League","Marcos Rojo","Marcos","Barclays Premier League","Marcos Rojo","M. Rojo"
"Rooney","Premier League","Wayne Rooney","Wayne","Barclays Premier League","Wayne Rooney","W. Rooney"
"Rosa","Premier League","Fernandinho Rosa","Fernandinho","Barclays Premier League","Fernandinho","F. Rosa"
"Rose","Premier League","Danny Rose","Danny","Barclays Premier League","Danny Rose","D. Rose"
"Rosenior","Premier League","Liam Rosenior","Liam","Barclays Premier League","Liam Rosenior","L. Rosenior"
"Rosicky","Premier League","Tomas Rosicky","Tomas","Barclays Premier League","Tomas Rosicky","T. Rosicky"
"Routledge","Premier League","Wayne Routledge","Wayne","Barclays Premier League","Wayne Routledge","W. Routledge"
"Robertson","Premier League","Andrew Robertson","Andrew","Barclays Premier League","Andrew Robertson","A. Robertson"
"Robinson","Premier League","Callum Robinson","Callum","Barclays Premier League","Callum Robinson","C. Robinson"
"Robles","Premier League","Joel Robles","Joel","Barclays Premier League","Joel Robles","J. Robles"
"Robson","Premier League","Thomas Robson","Thomas","Barclays Premier League","Thomas Robson","T. Robson"
"Rodwell","Premier League","Jack Rodwell","Jack","Barclays Premier League","Jack Rodwell","J. Rodwell"
"Rojo","Premier League","Marcos Rojo","Marcos","Barclays Premier League","Marcos Rojo","M. Rojo"
"Rooney","Premier League","Wayne Rooney","Wayne","Barclays Premier League","Wayne Rooney","W. Rooney"
"Rosa","Premier League","Fernandinho Rosa","Fernandinho","Barclays Premier League","Fernandinho","F. Rosa"
"Rose","Premier League","Danny Rose","Danny","Barclays Premier League","Danny Rose","D. Rose"
"Rosenior","Premier League","Liam Rosenior","Liam","Barclays Premier League","Liam Rosenior","L. Rosenior"
"Rosicky","Premier League","Tomas Rosicky","Tomas","Barclays Premier League","Tomas Rosicky","T. Rosicky"
"Routledge","Premier League","Wayne Routledge","Wayne","Barclays Premier League","Wayne Routledge","W. Routledge"
"Rémy","Premier League","Loïc Rémy","Loïc","Barclays Premier League","Loïc Rémy","L. Rémy"
"Sagbo","Premier League","Yannick Sagbo","Yannick","Barclays Premier League","Yannick Sagbo","Y. Sagbo"
"Sagna","Premier League","Bacary Sagna","Bacary","Barclays Premier League","Bacary Sagna","B. Sagna"
"Sakho","Premier League","Diafra Sakho","Diafra","Barclays Premier League","Diafra Sakho","D. Sakho"
"Sakho","Premier League","Mamadou Sakho","Mamadou","Barclays Premier League","Mamadou Sakho","M. Sakho"
"Salah","Premier League","Mohamed Ghaly Salah","Mohamed","Barclays Premier League","Mohamed Salah","M. Salah"
"Samaras","Premier League","Giorgos Samaras","Giorgos","Barclays Premier League","Giorgos Samaras","G. Samaras"
"San Miguel del Castillo","Premier League","Adrián San Miguel del Castillo","Adrián","Barclays Premier League","Adrián","A. San Miguel del Castillo"
"Sanogo","Premier League","Yaya Sanogo","Yaya","Barclays Premier League","Yaya Sanogo","Y. Sanogo"
"Santos do Nascimento","Premier League","Ramires Santos do Nascimento","Ramires","Barclays Premier League","Ramires","R. Santos do Nascimento"
"Schlupp","Premier League","Jefferey Schlupp","Jefferey","Barclays Premier League","Jefferey Schlupp","J. Schlupp"
"Schmeichel","Premier League","Kasper Schmeichel","Kasper","Barclays Premier League","Kasper Schmeichel","K. Schmeichel"
"Schneiderlin","Premier League","Morgan Schneiderlin","Morgan","Barclays Premier League","Morgan Schneiderlin","M. Schneiderlin"
"Schürrle","Premier League","André Schürrle","André","Barclays Premier League","André Schürrle","A. Schürrle"
"Senderos","Premier League","Philippe Senderos","Philippe","Barclays Premier League","Philippe Senderos","P. Senderos"
"Sessegnon","Premier League","Stephane Sessegnon","Stephane","Barclays Premier League","Stephane Sessegnon","S. Sessegnon"
"Shackell","Premier League","Jason Shackell","Jason","Barclays Premier League","Jason Shackell","J. Shackell"
"Shaw","Premier League","Luke Shaw","Luke","Barclays Premier League","Luke Shaw","L. Shaw"
"Shawcross","Premier League","Ryan Shawcross","Ryan","Barclays Premier League","Ryan Shawcross","R. Shawcross"
"Sheehan","Premier League","Josh Sheehan","Josh","Barclays Premier League","Josh Sheehan","J. Sheehan"
"Shelvey","Premier League","Jonjo Shelvey","Jonjo","Barclays Premier League","Jonjo Shelvey","J. Shelvey"
"Shenton","Premier League","Oliver Shenton","Oliver","Barclays Premier League","Oliver Shenton","O. Shenton"
"Shephard","Premier League","Liam Shephard","Liam","Barclays Premier League","Liam Shephard","L. Shephard"
"Sidwell","Premier League","Steve Sidwell","Steve","Barclays Premier League","Steve Sidwell","S. Sidwell"
"Sigurdsson","Premier League","Gylfi Sigurdsson","Gylfi","Barclays Premier League","Gylfi Sigurdsson","G. Sigurdsson"
"Silva","Premier League","David Jimenez Silva","David","Barclays Premier League","David Silva","D. Silva"
"Simpson","Premier League","Danny Simpson","Danny","Barclays Premier League","Danny Simpson","D. Simpson"
"Sinclair","Premier League","Scott Sinclair","Scott","Barclays Premier League","Scott Sinclair","S. Sinclair"
"Sissoko","Premier League","Moussa Sissoko","Moussa","Barclays Premier League","Moussa Sissoko","M. Sissoko"
"Skrtel","Premier League","Martin Skrtel","Martin","Barclays Premier League","Martin Skrtel","M. Skrtel"
"Smalling","Premier League","Chris Smalling","Chris","Barclays Premier League","Chris Smalling","C. Smalling"
"Smith","Premier League","Adam Smith","Adam","Barclays Premier League","Adam Smith","A. Smith"
"Snodgrass","Premier League","Robert Snodgrass","Robert","Barclays Premier League","Robert Snodgrass","R. Snodgrass"
"Solanke","Premier League","Dominic Solanke","Dominic","Barclays Premier League","Dominic Solanke","D. Solanke"
"Soldado","Premier League","Roberto Soldado","Roberto","Barclays Premier League","Roberto Soldado","R. Soldado"
"Song","Premier League","Alex Song","Alex","Barclays Premier League","Alex Song","A. Song"
"Sordell","Premier League","Marvin Sordell","Marvin","Barclays Premier League","Marvin Sordell","M. Sordell"
"Sorensen","Premier League","Thomas Sorensen","Thomas","Barclays Premier League","Thomas Sorensen","T. Sorensen"
"Stambouli","Premier League","Benjamin Stambouli","Benjamin","Barclays Premier League","Benjamin Stambouli","B. Stambouli"
"Stephens","Premier League","Jack Stephens","Jack","Barclays Premier League","Jack Stephens","J. Stephens"
"Sterling","Premier League","Raheem Sterling","Raheem","Barclays Premier League","Raheem Sterling","R. Sterling"
"Stones","Premier League","John Stones","John","Barclays Premier League","John Stones","J. Stones"
"Streete","Premier League","Remie Streete","Remie","Barclays Premier League","Remie Streete","R. Streete"
"Sturridge","Premier League","Daniel Sturridge","Daniel","Barclays Premier League","Daniel Sturridge","D. Sturridge"
"Suk-Young","Premier League","Yun Suk-Young","Yun","Barclays Premier League","Yun Suk-Young","Y. Suk-Young"
"Sung-Yeung","Premier League","Ki Sung-Yeung","Ki","Barclays Premier League","Ki Sung-Yeung","K. Sung-Yeung"
"Szczesny","Premier League","Wojciech Szczesny","Wojciech","Barclays Premier League","Wojciech Szczesny","W. Szczesny"
"Sánchez","Premier League","Alexis Sánchez","Alexis","Barclays Premier League","Alexis Sánchez","A. Sánchez"
"Sánchez","Premier League","Carlos Sánchez","Carlos","Barclays Premier League","Carlos Sánchez","C. Sánchez"
"Sánchez Díaz","Premier League","José Enrique Sánchez Díaz","José","Barclays Premier League","José Enrique","J. Sánchez Díaz"
"Taarabt","Premier League","Adel Taarabt","Adel","Barclays Premier League","Adel Taarabt","A. Taarabt"
"Tadic","Premier League","Dusan Tadic","Dusan","Barclays Premier League","Dusan Tadic","D. Tadic"
"Targett","Premier League","Matt Targett","Matt","Barclays Premier League","Matt Targett","M. Targett"
"Tavares Varela","Premier League","Adilson Cabral Tavares Varela","Adilson Cabral","Barclays Premier League","Cabral","A. Tavares Varela"
"Taylor","Premier League","Matthew Taylor","Matthew","Barclays Premier League","Matthew Taylor","M. Taylor"
"Taylor","Premier League","Neil Taylor","Neil","Barclays Premier League","Neil Taylor","N. Taylor"
"Taylor","Premier League","Ryan Taylor","Ryan","Barclays Premier League","Ryan Taylor","R. Taylor"
"Taylor","Premier League","Steven Taylor","Steven","Barclays Premier League","Steven Taylor","S. Taylor"
"Taylor-Fletcher","Premier League","Gary Taylor-Fletcher","Gary","Barclays Premier League","Gary Taylor-Fletcher","G. Taylor-Fletcher"
"Taïder","Premier League","Saphir Taïder","Saphir","Barclays Premier League","Saphir Taïder","S. Taïder"
"Teixeira","Premier League","Dionatan do Nascimento Teixeira","Dionatan","Barclays Premier League","Dionatan Teixeira","D. Teixeira"
"Terry","Premier League","John Terry","John","Barclays Premier League","John Terry","J. Terry"
"Thomas","Premier League","Jerome Thomas","Jerome","Barclays Premier League","Jerome Thomas","J. Thomas"
"Thorpe","Premier League","Tom Thorpe","Tom","Barclays Premier League","Tom Thorpe","T. Thorpe"
"Tiendalli","Premier League","Dwight Tiendalli","Dwight","Barclays Premier League","Dwight Tiendalli","D. Tiendalli"
"Tioté","Premier League","Ismael Tioté","Ismael","Barclays Premier League","Ismael Tioté","I. Tioté"
"Tomkins","Premier League","James Tomkins","James","Barclays Premier League","James Tomkins","J. Tomkins"
"Torres","Premier League","Fernando Torres","Fernando","Barclays Premier League","Fernando Torres","F. Torres"
"Touré","Premier League","Kolo Touré","Kolo","Barclays Premier League","Kolo Touré","K. Touré"
"Touré","Premier League","Yaya Touré","Yaya","Barclays Premier League","Yaya Touré","Y. Touré"
"Townsend","Premier League","Andros Townsend","Andros","Barclays Premier League","Andros Townsend","A. Townsend"
"Traore","Premier League","Armand Traore","Armand","Barclays Premier League","Armand Traore","A. Traore"
"Tremmel","Premier League","Gerhard Tremmel","Gerhard","Barclays Premier League","Gerhard Tremmel","G. Tremmel"
"Trippier","Premier League","Kieran Trippier","Kieran","Barclays Premier League","Kieran Trippier","K. Trippier"
"Ulloa","Premier League","José Leonardo Ulloa","José","Barclays Premier League","Leonardo Ulloa","J. Ulloa"
"Valencia","Premier League","Antonio Valencia","Antonio","Barclays Premier League","Antonio Valencia","A. Valencia"
"Valencia","Premier League","Enner Valencia","Enner","Barclays Premier League","Enner Valencia","E. Valencia"
"Van Aanholt","Premier League","Patrick Van Aanholt","Patrick","Barclays Premier League","Patrick Van Aanholt","P. Van Aanholt"
"van Persie","Premier League","Robin van Persie","Robin","Barclays Premier League","Robin van Persie","R. van Persie"
"Vardy","Premier League","Jamie Vardy","Jamie","Barclays Premier League","Jamie Vardy","J. Vardy"
"Vargas","Premier League","Eduardo Vargas","Eduardo","Barclays Premier League","Eduardo Vargas","E. Vargas"
"Vaz Te","Premier League","Ricardo Vaz Te","Ricardo","Barclays Premier League","Ricardo Vaz Te","R. Vaz Te"
"Vergini","Premier League","Santiago Vergini","Santiago","Barclays Premier League","Santiago Vergini","S. Vergini"
"Vermijl","Premier League","Marnick Vermijl","Marnick","Barclays Premier League","Marnick Vermijl","M. Vermijl"
"Vertonghen","Premier League","Jan Vertonghen","Jan","Barclays Premier League","Jan Vertonghen","J. Vertonghen"
"Vlaar","Premier League","Ron Vlaar","Ron","Barclays Premier League","Ron Vlaar","R. Vlaar"
"Vorm","Premier League","Michel Vorm","Michel","Barclays Premier League","Michel Vorm","M. Vorm"
"Walcott","Premier League","Theo Walcott","Theo","Barclays Premier League","Theo Walcott","T. Walcott"
"Walters","Premier League","Jonathan Walters","Jonathan","Barclays Premier League","Jonathan Walters","J. Walters"
"Wanyama","Premier League","Victor Wanyama","Victor","Barclays Premier League","Victor Wanyama","V. Wanyama"
"Ward","Premier League","Joel Ward","Joel","Barclays Premier League","Joel Ward","J. Ward"
"Ward","Premier League","Stephen Ward","Stephen","Barclays Premier League","Stephen Ward","S. Ward"
"Ward-Prowse","Premier League","James Ward-Prowse","James","Barclays Premier League","James Ward-Prowse","J. Ward-Prowse"
"Wasilewski","Premier League","Marcin Wasilewski","Marcin","Barclays Premier League","Marcin Wasilewski","M. Wasilewski"
"Watson","Premier League","Rory Watson","Rory","Barclays Premier League","Rory Watson","R. Watson"
"Weimann","Premier League","Andreas Weimann","Andreas","Barclays Premier League","Andreas Weimann","A. Weimann"
"Welbeck","Premier League","Danny Welbeck","Danny","Barclays Premier League","Danny Welbeck","D. Welbeck"
"Westwood","Premier League","Ashley Westwood","Ashley","Barclays Premier League","Ashley Westwood","A. Westwood"
"Whelan","Premier League","Glenn Whelan","Glenn","Barclays Premier League","Glenn Whelan","G. Whelan"
"Wickham","Premier League","Connor Wickham","Connor","Barclays Premier League","Connor Wickham","C. Wickham"
"Williams","Premier League","Ashley Williams","Ashley","Barclays Premier League","Ashley Williams","A. Williams"
"Williams","Premier League","Jonathan Williams","Jonathan","Barclays Premier League","Jonathan Williams","J. Williams"
"Williamson","Premier League","Michael Williamson","Michael","Barclays Premier League","Michael Williamson","M. Williamson"
"Wilshere","Premier League","Jack Wilshere","Jack","Barclays Premier League","Jack Wilshere","J. Wilshere"
"Wilson","Premier League","James Wilson","James","Barclays Premier League","James Wilson","J. Wilson"
"Wilson","Premier League","Marc Wilson","Marc","Barclays Premier League","Marc Wilson","M. Wilson"
"Wisdom","Premier League","Andre Wisdom","Andre","Barclays Premier League","Andre Wisdom","A. Wisdom"
"Wood","Premier League","Chris Wood","Chris","Barclays Premier League","Chris Wood","C. Wood"
"Wright-Phillips","Premier League","Shaun Wright-Phillips","Shaun","Barclays Premier League","Shaun Wright-Phillips","S. Wright-Phillips"
"Yacob","Premier League","Claudio Yacob","Claudio","Barclays Premier League","Claudio Yacob","C. Yacob"
"Yoshida","Premier League","Maya Yoshida","Maya","Barclays Premier League","Maya Yoshida","M. Yoshida"
"Young","Premier League","Ashley Young","Ashley","Barclays Premier League","Ashley Young","A. Young"
"Zabaleta","Premier League","Pablo Zabaleta","Pablo","Barclays Premier League","Pablo Zabaleta","P. Zabaleta"
"Zaha","Premier League","Wilfried Zaha","Wilfried","Barclays Premier League","Wilfried Zaha","W. Zaha"
"Zamora","Premier League","Bobby Zamora","Bobby","Barclays Premier League","Bobby Zamora","B. Zamora"
"Zouma","Premier League","Kurt Zouma","Kurt","Barclays Premier League","Kurt Zouma","K. Zouma"
"Zárate","Premier League","Mauro Zárate","Mauro","Barclays Premier League","Mauro Zárate","M. Zárate"
"Álvarez","Premier League","Ricardo Álvarez","Ricardo","Barclays Premier League","Ricardo Álvarez","R. Álvarez"
"Özil","Premier League","Mesut Özil","Mesut","Barclays Premier League","Mesut Özil","M. Özil"
"","Premier League","","Nani","Barclays Premier League","Nani","Nani"
"Swift","Premier League","John Swift","John","Barclays Premier League","John Swift","J. Swift"
"Szczesny","Premier League","Wojciech Szczesny","Wojciech","Barclays Premier League","Wojciech Szczesny","W. Szczesny"
"Sánchez","Premier League","Alexis Sánchez","Alexis","Barclays Premier League","Alexis Sánchez","A. Sánchez"
"Sánchez Díaz","Premier League","José Enrique Sánchez Díaz","José","Barclays Premier League","José Enrique","J. Sánchez Díaz"
"Taarabt","Premier League","Adel Taarabt","Adel","Barclays Premier League","Adel Taarabt","A. Taarabt"
"Tadic","Premier League","Dusan Tadic","Dusan","Barclays Premier League","Dusan Tadic","D. Tadic"
"Tate","Premier League","Alan Tate","Alan","Barclays Premier League","Alan Tate","A. Tate"
"Tavares Varela","Premier League","Adilson Cabral Tavares Varela","Adilson Cabral","Barclays Premier League","Cabral","A. Tavares Varela"
"Taylor","Premier League","Matthew Taylor","Matthew","Barclays Premier League","Matthew Taylor","M. Taylor"
"Taylor","Premier League","Neil Taylor","Neil","Barclays Premier League","Neil Taylor","N. Taylor"
"Taylor","Premier League","Ryan Taylor","Ryan","Barclays Premier League","Ryan Taylor","R. Taylor"
"Taylor","Premier League","Steven Taylor","Steven","Barclays Premier League","Steven Taylor","S. Taylor"
"Taylor-Fletcher","Premier League","Gary Taylor-Fletcher","Gary","Barclays Premier League","Gary Taylor-Fletcher","G. Taylor-Fletcher"
"Teixeira","Premier League","Dionatan do Nascimento Teixeira","Dionatan","Barclays Premier League","Dionatan do Nascimento Teixeira","D. Teixeira"
"Terry","Premier League","John Terry","John","Barclays Premier League","John Terry","J. Terry"
"Thomas","Premier League","Jerome Thomas","Jerome","Barclays Premier League","Jerome Thomas","J. Thomas"
"Tiendalli","Premier League","Dwight Tiendalli","Dwight","Barclays Premier League","Dwight Tiendalli","D. Tiendalli"
"Tioté","Premier League","Ismael Tioté","Ismael","Barclays Premier League","Ismael Tioté","I. Tioté"
"Tomkins","Premier League","James Tomkins","James","Barclays Premier League","James Tomkins","J. Tomkins"
"Tonev","Premier League","Aleksandar Tonev","Aleksandar","Barclays Premier League","Aleksandar Tonev","A. Tonev"
"Torres","Premier League","Fernando Torres","Fernando","Barclays Premier League","Fernando Torres","F. Torres"
"Touré","Premier League","Kolo Touré","Kolo","Barclays Premier League","Kolo Touré","K. Touré"
"Touré","Premier League","Yaya Touré","Yaya","Barclays Premier League","Yaya Touré","Y. Touré"
"Townsend","Premier League","Andros Townsend","Andros","Barclays Premier League","Andros Townsend","A. Townsend"
"Townsend","Premier League","Conor Townsend","Conor","Barclays Premier League","Conor Townsend","C. Townsend"
"Traore","Premier League","Armand Traore","Armand","Barclays Premier League","Armand Traore","A. Traore"
"Tremmel","Premier League","Gerhard Tremmel","Gerhard","Barclays Premier League","Gerhard Tremmel","G. Tremmel"
"Trippier","Premier League","Keiran Trippier","Keiran","Barclays Premier League","Keiran Trippier","K. Trippier"
"Ulloa","Premier League","José Leonardo Ulloa","José","Barclays Premier League","José Ulloa","J. Ulloa"
"Upson","Premier League","Matthew Upson","Matthew","Barclays Premier League","Matthew Upson","M. Upson"
"Valencia","Premier League","Antonio Valencia","Antonio","Barclays Premier League","Antonio Valencia","A. Valencia"
"Valencia","Premier League","Enner Valencia","Enner","Barclays Premier League","Enner Valencia","E. Valencia"
"Van Aanholt","Premier League","Patrick Van Aanholt","Patrick","Barclays Premier League","Patrick Van Aanholt","P. Van Aanholt"
"van Ginkel","Premier League","Marco van Ginkel","Marco","Barclays Premier League","Marco van Ginkel","M. van Ginkel"
"van Persie","Premier League","Robin van Persie","Robin","Barclays Premier League","Robin van Persie","R. van Persie"
"Vardy","Premier League","Jamie Vardy","Jamie","Barclays Premier League","Jamie Vardy","J. Vardy"
"Varela","Premier League","Gullermo Varela","Gullermo","Barclays Premier League","Gullermo Varela","G. Varela"
"Vaz Te","Premier League","Ricardo Vaz Te","Ricardo","Barclays Premier League","Ricardo Vaz Te","R. Vaz Te"
"Veljkovic","Premier League","Milos Veljkovic","Milos","Barclays Premier League","Milos Veljkovic","M. Veljkovic"
"Vermaelen","Premier League","Thomas Vermaelen","Thomas","Barclays Premier League","Thomas Vermaelen","T. Vermaelen"
"Vertonghen","Premier League","Jan Vertonghen","Jan","Barclays Premier League","Jan Vertonghen","J. Vertonghen"
"Vilaça Teixeira","Premier League"," Vilaça Teixeira","","Barclays Premier League","João Carlos","Vilaça Teixeira"
"Vlaar","Premier League","Ron Vlaar","Ron","Barclays Premier League","Ron Vlaar","R. Vlaar"
"Vokes","Premier League","Sam Vokes","Sam","Barclays Premier League","Sam Vokes","S. Vokes"
"Vorm","Premier League","Michel Vorm","Michel","Barclays Premier League","Michel Vorm","M. Vorm"
"Vuckic","Premier League","Haris Vuckic","Haris","Barclays Premier League","Haris Vuckic","H. Vuckic"
"Walcott","Premier League","Theo Walcott","Theo","Barclays Premier League","Theo Walcott","T. Walcott"
"Walker","Premier League","Kyle Walker","Kyle","Barclays Premier League","Kyle Walker","K. Walker"
"Wallace","Premier League","Ross Wallace","Ross","Barclays Premier League","Ross Wallace","R. Wallace"
"Walters","Premier League","Jonathan Walters","Jonathan","Barclays Premier League","Jonathan Walters","J. Walters"
"Zabaleta","Premier League","Pablo Zabaleta","Pablo","Barclays Premier League","Pablo Zabaleta","P. Zabaleta"
"Zabret","Premier League","Gregor Zabret","Gregor","Barclays Premier League","Gregor Zabret","G. Zabret"
"Zaha","Premier League","Wilfried Zaha","Wilfried","Barclays Premier League","Wilfried Zaha","W. Zaha"
"Zamora","Premier League","Bobby Zamora","Bobby","Barclays Premier League","Bobby Zamora","B. Zamora"
"Zelalem","Premier League","Gideon Zelalem","Gideon","Barclays Premier League","Gideon Zelalem","G. Zelalem"
"Zouma","Premier League","Kurt Zouma","Kurt","Barclays Premier League","Kurt Zouma","K. Zouma"
"Zuculini","Premier League","Bruno Zuculini","Bruno","Barclays Premier League","Bruno Zuculini","B. Zuculini"
"Zárate","Premier League","Mauro Zárate","Mauro","Barclays Premier League","Mauro Zárate","M. Zárate"
"Özil","Premier League","Mesut Özil","Mesut","Barclays Premier League","Mesut Özil","M. Özil"
"","Premier League","","Nani","Barclays Premier League","Nani","Nani"
